id,name,credits,WLH,attendance_time,selfstudy_time,AR,RPK,frequency,duration,RS,examination_type,examination_prerequisites,note,study_area
B.Bio-NF.117,Genomanalyse - Vorlesung mit Übung,6,4.0,56.0,124.0,BSc Bio: mindestens 40 C aus dem ersten,Für die Veranstaltung werden grundlegende,jedes Sommersemester,1.0,3 - 6,Klausur,,Das Modul kann nicht in Kombination mit B.Bio.117 oder SK.Bio.117 belegt werden.,['I.2.a.II.2.a']
B.Bio-NF.129,Genetik und mikrobielle Zellbiologie,6,4.0,56.0,124.0,keine,Biologische Grundkenntnisse,jedes Sommersemester,1.0,4 - 6,Klausur,,Das Modul kann nicht in Kombination mit B.Bio.129 belegt werden.,['I.2.a.II.2.b']
B.Bio-NF.130,Kognitionspsychologie,3,2.0,28.0,62.0,keine,keine,jedes Wintersemester,1.0,ab 3,Klausur,,Das Modul kann nicht in Kombination mit B.Bio.130 belegt werden.,"['I.2.a.II.2.b', 'I.2.a.IX.2.b']"
B.Bio.102,Ringvorlesung Biologie II,8,6.0,84.0,156.0,keine,keine,jedes Sommersemester,1.0,2,Klausur,,Die Klausuren werden als E-Prüfungen durchgeführt,['I.2.a.II.2.a']
B.ES.115,Ecological Modelling,6,4.0,56.0,124.0,none,none,each winter semester,1.0,3,Oral Presentation,Written examination (30 minutes); ungraded,,['I.2.a.IV.1.a']
B.Forst.1101,Grundlagen der Forstbotanik,6,4.0,56.0,124.0,keine,keine,jedes Wintersemester,1.0,1,Klausur,,,['I.2.a.IV.2.a']
B.Forst.1105,Angewandte Informatik (inkl. GIS),6,4.0,56.0,124.0,keine,keine,jedes Wintersemester,1.0,1,Klausur,,,['I.2.a.IV.1.a']
B.Forst.1108,Bodenkunde,6,4.0,56.0,124.0,keine,Naturwissenschaftliche Grundlagen (B.Forst.1103),jedes Sommersemester,1.0,2,Klausur,,,['I.2.a.IV.2.a']
B.Forst.1114,Forstgenetik,6,4.0,56.0,124.0,keine,keine,jedes Wintersemester,1.0,3,Klausur,,,['I.2.a.IV.2.b']
B.Forst.1128,Morphologie & Systematik der Waldpflanzen,9,3.0,42.0,228.0,keine,keine,jedes Sommersemester,2.0,,Klausur,,,['I.2.a.IV.2.a']
B.Geg.01,Einführung in die Geographie,6,2.0,28.0,152.0,keine,keine,jedes Wintersemester,1.0,,Portfolio,Regelmäßige Teilnahme am Übungsteil,,['I.2.a.III.2.a']
B.Geg.02,Regionale Geographie,7,4.0,56.0,154.0,keine,keine,jedes Wintersemester,,,Klausur,,,['I.2.a.III.2.a']
B.Geg.03,Kartographie,6,3.0,42.0,138.0,keine,keine,jedes Wintersemester,1.0,,Klausur,Regelmäßige Teilnahme an der Übung,,['I.2.a.II.2.b']
B.Geg.04,Geoinformatik,10,6.0,84.0,216.0,,,jährlich,2.0,,Projektarbeitsbericht,Regelmäßige Teilnahme an der Übung; 3 Übungsaufgaben à max. 3 Seiten,,['I.2.a.II.2.b']
B.Geg.05,Relief und Boden,8,6.0,84.0,156.0,keine,keine,jedes Sommersemester,1.0,,Klausur,Regelmäßige Teilnahme an der Übung; 2 Geländeprotokolle zu den Exkursionstagen à,,['I.2.a.III.2.b']
B.Geg.06,Klima und Gewässer,7,4.0,56.0,154.0,keine,keine,,,,Klausur,Regelmäßige Teilnahme an der Übung,,['I.2.a.III.2.b']
B.Geg.07,Kultur- und Sozialgeographie,7,4.0,56.0,154.0,keine,keine,jedes Wintersemester,1.0,,Gruppenreferat,Regelmäßige Teilnahme an der Übung,,['I.2.a.III.2.b']
B.Geg.08,Wirtschaftsgeographie,7,4.0,56.0,154.0,keine,keine,jedes Sommersemester,1.0,,Klausur,Regelmäßige Teilnahme an der Übung; Referat (ca.30 Min.) mit schriftlicher,,['I.2.a.III.2.b']
B.Geg.11-2,Angewandte Geoinformatik,6,2.0,28.0,152.0,keine,"B.Geg.01, B.Geg.02, B.Geg.03, B.Geg.04;",jedes Wintersemester,1.0,,GIS-Projektarbeit inkl. schriftlicher Ausarbeitung,Regelmäßige Teilnahme an der Übung,,['I.2.a.II.2.b']
B.Inf.1101,Grundlagen der Informatik und Programmierung,10,6.0,84.0,216.0,keine,keine,jedes Wintersemester,1.0,ab bis,Klausur,Die theoretischen und die praktischen Übungen aller Übungsblätter müssen jeweils,,['I.1.a']
B.Inf.1102,Grundlagen der Praktischen Informatik,10,6.0,84.0,216.0,keine,B.Inf.1101,jedes Sommersemester,1.0,,Klausur,Die theoretischen und die praktischen Übungen aller Übungsblätter müssen jeweils,,"['I.1.c.bb', 'I.2.a.XI.2.b']"
B.Inf.1103,Algorithmen und Datenstrukturen,10,6.0,84.0,216.0,keine,B.Inf.1101,jedes Wintersemester,1.0,,Klausur,Alle Übungsblätter müssen jeweils mit mindestens 40% der erreichbaren Punkte,,['I.1.a']
B.Inf.1131,Data Science: Grundlagen,6,4.0,56.0,124.0,keine,Grundkenntnisse in Python,jedes Sommersemester,1.0,2,Take-Home-Klausur,,Durch erfolgreiches Lösen und Erklären der Übungsaufgaben können Bonus-Prozent für die Klausur,"['I.1.c.bb', 'I.2.a.XI.2.b']"
B.Inf.1132,Data Science: Numerische Methoden,6,4.0,56.0,124.0,keine,Mathematik für Studierende der Informatik I+II,,,3,Klausur,Mindestens 50% der Übungspunkte,,"['I.2.a.VIII.1.a', 'I.2.a.VIII.1.c']"
B.Inf.1190,Bachelorabschlussmodul,12,3.0,42.0,408.0,gemäß §11 Abs. 1 PStO,keine,jedes Semester,1.0,6,Bachelorarbeit,,,['I.3']
B.Inf.1201,Theoretische Informatik,5,3.0,42.0,108.0,keine,"Grundlagen der Informatik, der Programmierung und",jährlich,1.0,,Klausur,"Bearbeitung von 50% aller Übungsblätter, Vorführung mindestens einer Aufgabe",,"['I.1.c.aa', 'I.2.a.XI.2.b']"
B.Inf.1202,Formale Systeme,5,3.0,42.0,108.0,keine,B.Inf.1101,jährlich,1.0,,Klausur,"Aktive Teilnahme an den Übungen, belegt durch Nachweis von 50% der in den",,"['I.1.c.bb', 'I.2.a.XI.2.b']"
B.Inf.1203,Betriebssysteme,5,3.0,42.0,108.0,B.Inf.1801 oder B.Inf.1841 oder B.Phy.1601,B.Inf.1101,,,,Klausur,Erarbeiten und Vorstellen der Lösung mindestens einer Übungsaufgabe (Präsentation,,"['I.1.c.bb', 'I.2.a.XI.2.b']"
B.Inf.1204,Telematics / Computer Networks,5,3.0,42.0,108.0,none,"B.Inf.1101, B.Inf.1801",once a year,1.0,,Written examination,,,"['I.1.c.aa', 'I.2.a.XI.2.b']"
B.Inf.1206,Datenbanken,5,4.0,56.0,94.0,keine,B.Inf.1101,jährlich,1.0,,Klausur,,,"['I.1.c.aa', 'I.2.a.XI.2.b']"
B.Inf.1207,Proseminar I,5,3.0,42.0,108.0,B.Inf.1101,keine,jedes Semester,1.0,,Vortrag,Teilnahme am Proseminar.,,['I.2.a.XI.2.b']
B.Inf.1208,Proseminar II,5,3.0,42.0,108.0,B.Inf.1101,keine,jedes Semester,1.0,,Vortrag,Teilnahme am Proseminar.,,['I.2.a.XI.2.b']
B.Inf.1209,Softwaretechnik,5,3.0,42.0,108.0,keine,"B.Inf.1101, B.Inf.1801, B.Inf.1802",jährlich,1.0,,Klausur,B.Inf.1209.Ue: Erarbeiten und Vorstellen der Lösung mindestens einer Übungsaufgabe,,"['I.1.c.aa', 'I.2.a.XI.2.b']"
B.Inf.1210,Computersicherheit und Privatheit,5,4.0,56.0,94.0,keine,keine,jedes Sommersemester,1.0,,Klausur,Kontinuierliche Teilnahme an den Übungen.,,"['I.1.c.aa', 'I.2.a.XI.2.b']"
B.Inf.1211,Sensordatenverarbeitung,5,4.0,56.0,94.0,keine,keine,jährlich,1.0,,Klausur,Kontinuierliche Teilnahme an den Übungen.,,"['I.1.c.aa', 'I.2.a.XI.2.b']"
B.Inf.1212,Technische Informatik,5,3.0,42.0,108.0,keine,"B.Inf.1101, B.Inf.1801",jedes Wintersemester,1.0,,Klausur,"B.Inf.1212.Ue: Bearbeitung von mindestens 50% der Übungsblätter, Vorstellen der",,"['I.1.c.aa', 'I.2.a.XI.2.b']"
B.Inf.1214,Types and Programming Languages,8,6.0,84.0,156.0,keine,keine,,,,Klausur,>=50% points in homework assignments in groups of 2-3 students,,"['I.1.c.aa', 'I.2.a.XI.2.b']"
B.Inf.1215,Compiler Construction,6,4.0,56.0,124.0,keine,keine,jedes Wintersemester,1.0,,Klausur,>=50% points in homework assignments in groups of 2-3 students,,"['I.1.c.aa', 'I.2.a.XI.2.b']"
B.Inf.1216,Compiler Lab,6,2.0,28.0,152.0,Compiler Construction (B.Inf.1215 or equivalent).,Basic skills in C/C++ are advantageous but the,jedes Wintersemester,1.0,,Project work,,,"['I.1.c.bb', 'I.2.a.XI.2.b']"
B.Inf.1236,Machine Learning,6,4.0,56.0,124.0,none,Knowledge of basic linear algebra and probability,each summer semester,1.0,4,Written examination,B.Inf.1236.Ex: At least 50% of homework exercises solved and N-1 attempts presented,,"['I.1.c.aa', 'I.2.a.IX.1.b', 'I.2.a.XI.2.b']"
B.Inf.1237,Deep Learning for Computer Vision,6,4.0,56.0,124.0,none,Basic knowledge of linear algebra and probability,each winter semester,1.0,5,Written examination,B.Inf.1237.Ex: At least 50% of homework exercises solved and N-1 attempts presented,,"['I.2.a.IX.1.b', 'I.2.a.XI.2.b']"
B.Inf.1240,Visualization,6,4.0,56.0,124.0,none,Foundations of linear algebra and analysis (e.g.,once a year,1.0,3 - 6,Practical project,At least 50% of homework exercises solved.,,"['I.1.c.bb', 'I.2.a.VIII.1.c', 'I.2.a.XI.2.b']"
B.Inf.1241,Computational Optimal Transport,6,4.0,56.0,124.0,none,Foundations of linear algebra and analysis (e.g.,once a year,1.0,4 - 6,Written exam,At least 50% of homework exercises solved.,,"['I.2.a.VIII.1.c', 'I.2.a.XI.2.b']"
B.Inf.1248,Language as Data,6,4.0,56.0,124.0,none,Python programming skills,irregular,1.0,,Written exam,successful completion of exercise projects,,"['I.1.c.bb', 'I.2.a.XI.2.b']"
B.Inf.1249,Introduction to Robotics,6,4.0,56.0,124.0,none,Basic knowledge of linear algebra and analysis,each winter semester,1.0,Bachelor: 5 - 6; Master: 1 - 3,Written Exam,At least 50% of homework exercises solved and N-1 attempts presented to tutors.,,"['I.1.c.bb', 'I.2.a.XI.2.b']"
B.Inf.1301,Grundlagen der Medizinischen Informatik,9,6.0,84.0,186.0,keine,keine,jährlich,1.0,2 - 6,Klausur bzw. E-Prüfung,"regelmäßige Teilnahme an Seminarterminen, Bearbeitung von max. 3 Arbeitsaufträgen",,['I.2.a.V.1.a']
B.Inf.1302,Biosignalverarbeitung,5,3.0,42.0,108.0,keine,keine,jährlich,1.0,3 - 6,Klausur bzw. E-Prüfung,Nachweis von mind. 50% erfolgreich gelösten Übungsaufgaben.,,"['I.2.a.V.1.a', 'I.2.a.IX.1.b']"
B.Inf.1304,IT-Projekte,7,4.0,56.0,154.0,keine,keine,jährlich,2.0,4 - 6,Klausur bzw. E-Prüfung,Regelmäßige Teilnahme an Seminarterminen,,['I.2.a.V.1.b']
B.Inf.1301,Grundlagen der Medizinischen Informatik sowie am Teilmodul B.Inf.1351.1: Grundlagen der Biomedizin I wird empfohlen.,7,3.0,42.0,168.0,keine,,jedes Sommersemester,1.0,4 - 6,Seminararbeit,keine,,['I.2.a.V.1.a']
B.Inf.1351,Grundlagen der Biomedizin,2,5.0,70.0,170.0,keine,"Es wird empfohlen, die Lehrveranstaltungen in der",jedes Semester,3.0,3 - 6,Vortrag Seminarvortrag,regelmäßige Teilnahme an Seminarterminen,,['I.2.a.V.2.a']
B.Inf.1352,Organisation im Gesundheitswesen,8,5.0,70.0,170.0,keine,keine,jährlich,1.0,2 - 6,Klausur bzw. E-Prüfung,"regelmäßige Teilnahme an Seminarterminen, Bearbeitung mind. eines Arbeitsauftrages",,['I.2.a.V.2.a']
B.Inf.1353,Aktuelle Themen im Gesundheitswesen,5,3.0,42.0,108.0,keine,"B.Inf.1301, B.Inf.1305, B.Inf.1351, B.Inf.1352",jährlich,1.0,4 - 6,Vortrag,regelmäßige Anwesenheit bei Seminarterminen,,['I.2.a.V.2.b']
B.Inf.1354,Anwendungssysteme im Gesundheitswesen,5,3.0,42.0,108.0,keine,keine,jedes Sommersemester,1.0,,Klausur bzw. E-Prüfung,Regelmäßige Teilnahme an der Übung,,['I.2.a.V.2.b']
B.Inf.1502,Biologische Datenbanken,5,3.0,42.0,108.0,keine,"Biologische Grundlagen, Programmierkenntnisse",jedes Wintersemester,1.0,3 - 5,Wissenschaftlicher Bericht/Protokoll,,,['I.2.a.II.1.a']
B.Inf.1503,Proseminar Bioinformatik,5,2.0,28.0,122.0,keine,Grundlegende Kenntnisse in Biologie und,unregelmäßig,1.0,3 - 5,Vortrag,,,['I.2.a.II.1.b']
B.Inf.1504,Maschinelles Lernen in der Bioinformatik,6,4.0,56.0,124.0,keine,"Biologische und mathematische Grundkenntnisse,",jedes Wintersemester,1.0,3 - 5,Mündlich,B.Inf.1504.Ue: Teilnahme an den Übungen und erfolgreiches Absolvieren von drei,,['I.2.a.II.1.a']
B.Inf.1701,Vertiefung theoretischer Konzepte der Informatik,5,3.0,42.0,108.0,keine,"B.Inf.1201, B.Inf.1202",unregelmäßig,1.0,,Klausur,,,['I.2.a.XI.2.b']
B.Inf.1704,Vertiefung technischer Konzepte der Informatik,5,3.0,42.0,108.0,keine,B.Inf.1212,jährlich,1.0,,Klausur,,,['I.2.a.XI.2.b']
B.Inf.1705,Vertiefung Softwaretechnik,5,3.0,42.0,108.0,keine,"B.Inf.1101, B.Inf.1209",unregelmäßig,1.0,,Klausur,Develop and present the solution of at least one exercise (presentation and report) and,,['I.2.a.XI.2.b']
B.Inf.1706,Vertiefung Datenbanken,6,4.0,56.0,124.0,Semistrukturierte Daten und XML: B.Inf.1206,keine,unregelmäßig,1.0,,Klausur,,,['I.2.a.XI.2.b']
B.Inf.1707,Advanced Computernetworks,5,3.0,42.0,108.0,none,"B.Inf.1101, B.Inf.1204",unregelmäßig,1.0,,Klausur,Erarbeiten und Vorstellen der Lösung mindestens einer Übungsaufgabe (Präsentation,,['I.2.a.XI.2.b']
B.Inf.1709,Vertiefung Algorithmen und Datenstrukturen,5,4.0,56.0,94.0,keine,"B.Inf.1101, B.Inf.1103",unregelmäßig,1.0,,Mündlich,,,['I.2.a.XI.2.b']
B.Inf.1710,Vertiefung Computersicherheit und Privatheit,5,4.0,56.0,94.0,,,unregelmäßig,1.0,,Klausur,,,['I.2.a.XI.2.b']
B.Inf.1711,Vertiefung Sensordatenverarbeitung,5,4.0,56.0,94.0,keine,"B.Inf.1101, B.Inf.1211",unregelmäßig,1.0,,Klausur,,,['I.2.a.XI.2.b']
B.Inf.1712,Vertiefung Hochleistungsrechnen,6,4.0,56.0,124.0,keine,"Basic programming skills, Basic knowledge of Linux",jedes Wintersemester,1.0,Bachelor: 5 - 6; Master: 1 - 4,Klausur,,,"['I.2.a.VIII.1.c', 'I.2.a.XI.2.b']"
B.Inf.1713,Vertiefung Data Science,5,3.0,42.0,108.0,keine,keine,unregelmäßig,1.0,,Klausur,Teilnahme am Übungsbetrieb und die Präsentation mindestens einer Übungslösung,,['I.2.a.XI.2.b']
B.Inf.1714,Vertiefung Praktische Informatik,5,3.0,42.0,108.0,keine,keine,unregelmäßig,1.0,,Klausur,,,['I.2.a.XI.2.b']
B.Inf.1801,Programmierkurs,5,3.0,42.0,108.0,keine,keine,jedes Wintersemester,1.0,,Klausur,,,['I.2.b.aa']
B.Inf.1802,Programmierpraktikum,6,4.0,56.0,124.0,keine,B.Inf.1801,jedes Sommersemester,1.0,,Mündlich,Alle Übungsblätter müssen jeweils mit mindestens 40% der erreichbaren Punkte,,['I.2.b.aa']
B.Inf.1803,Fachpraktikum I,5,3.0,42.0,108.0,Die zugehörige Fachvorlesung; imperative,keine,jedes Semester,1.0,,Mündlich,Erfolgreiche Bearbeitung von praktischen Aufgaben.,,['I.2.b.aa']
B.Inf.1804,Fachpraktikum II,5,3.0,42.0,108.0,Die zugehörige Fachvorlesung; imperative,keine,jedes Semester,1.0,,Mündlich,Erfolgreiche Bearbeitung von praktischen Aufgaben.,,"['I.2.b.bb', 'I.2.a.XI.2.a']"
B.Inf.1805,Fachpraktikum III,5,3.0,42.0,108.0,Die zugehörige Fachvorlesung; imperative,keine,jedes Semester,1.0,,Mündlich,Erfolgreiche Bearbeitung von praktischen Aufgaben.,,"['I.2.b.bb', 'I.2.a.XI.2.a']"
B.Inf.1806,Externes Praktikum I,5,,0.0,150.0,keine,"B.Inf.1101, B.Inf.1102, B.Inf.1802",jedes Semester,1.0,,Praktikumsbericht,Details zum organisatorischen Ablauf von externen Praktika wie in Anlage IV der PStO,,"['I.2.b.bb', 'I.2.a.XI.2.b']"
B.Inf.1807,Externes Praktikum II,5,,0.0,150.0,keine,"B.Inf.1101, B.Inf.1102, B.Inf.1801, B.Inf.1802",jedes Semester,1.0,,Praktikumsbericht,Details zum organisatorischen Ablauf von externen Praktika wer in Anlage IV der PStO,,"['I.2.b.bb', 'I.2.a.XI.2.b']"
B.Inf.1808,Anwendungsorientierte Systementwicklung im forschungsbezogenen Praktikum,5,5.0,7.0,143.0,keine,keine,jedes Semester,1.0,,Praktikumsbericht,,,['I.2.a.XI.2.a']
B.Inf.1809,Vertiefte anwendungsorientierte Systementwicklung im forschungsbezogenen Praktikum,10,1.0,14.0,286.0,keine,keine,jedes Semester,1.0,,Praktikumsbericht,,,['I.2.a.XI.2.a']
B.Inf.1810,Angewandte Informatik im forschungsbezogenen Praktikum,5,5.0,7.0,143.0,"B.Inf.1101, B.Inf.1102, B.Inf.1801",keine,jedes Semester,1.0,,Praktikumsbericht,,,"['I.2.a.II.1.b', 'I.2.a.IV.1.b', 'I.2.a.V.1.b', 'I.2.a.VI.1.b', 'I.2.a.VII.1.b', 'I.2.a.VIII.1.c', 'I.2.a.IX.1.b']"
B.Inf.1811,Vertiefte Angewandte Informatik im forschungsbezogenen Praktikum,10,1.0,14.0,286.0,"B.Inf.1101, B.Inf.1102, B.Inf.1801",keine,jedes Semester,1.0,,Praktikumsbericht,,,"['I.2.a.II.1.b', 'I.2.a.IV.1.b', 'I.2.a.V.1.b', 'I.2.a.VII.1.b', 'I.2.a.VIII.1.c', 'I.2.a.IX.1.b']"
B.Inf.1812,Anwendungsbereich im forschungsbezogenen Praktikum,5,5.0,7.0,143.0,"B.Inf.1101, B.Inf.1102, B.Inf.1801",keine,jedes Semester,1.0,,Praktikumsbericht,,,"['I.2.a.II.2.b', 'I.2.a.V.2.b', 'I.2.a.VIII.1.c', 'I.2.a.IX.2.b']"
B.Inf.1831,"Ethische, gesellschaftliche und rechtliche Grundlagen für Data Science",3,2.0,28.0,62.0,keine,keine,jährlich,1.0,1,Hausarbeit,,,['I.2.b.bb']
B.Inf.1842,Programmieren für Data Scientists: Python,5,3.0,42.0,108.0,keine,keine,jedes Semester,1.0,1,,Lösung von 65% der Programmieraufgaben,,['I.2.b.bb']
B.Inf.1852,Proseminar Datenanalyse,5,3.0,42.0,108.0,B.Inf.1101,keine,jedes Semester,1.0,,Vortrag,Teilnahme am Proseminar.,,['I.2.a.VIII.1.c']
B.Mat.0011,Analysis I,9,4.0,,,keine,keine,jedes Wintersemester,1.0,1 - 3,Klausur,B.Mat.0011.Ue: Erreichen von mindestens 50% der Übungspunkte sowie engagierte,• Dozent*in: Lehrpersonen des Mathematischen Instituts,['I.1.b.ii']
B.Mat.0012,Analytische Geometrie und Lineare Algebra I,9,4.0,,,keine,keine,jedes Wintersemester,1.0,1 - 3,Klausur,B.Mat.0012.Ue: Erreichen von mindestens 50% der Übungspunkte sowie engagierte,• Dozent*in: Lehrpersonen des Mathematischen Instituts,['I.1.b.ii']
B.Mat.0021,Analysis II,9,6.0,84.0,186.0,keine,"B.Mat.0011, B.Mat.0012",jedes Sommersemester,1.0,2 - 4,Klausur,B.Mat.0021.Ue: Erreichen von mindestens 50% der Übungspunkte sowie engagierte,• Dozent*in: Lehrpersonen des Mathematischen Instituts,"['I.2.a.VIII.1.c', 'I.2.a.IX.2.b', 'I.2.a.IX.2.b']"
B.Mat.0022,Analytische Geometrie und Lineare Algebra II,9,6.0,84.0,186.0,keine,"B.Mat.0011, B.Mat.0012",jedes Sommersemester,1.0,2 - 4,Klausur,B.Mat.0022.Ue: Erreichen von mindestens 50% der Übungspunkte sowie engagierte,• Dozent*in: Lehrpersonen des Mathematischen Instituts,['I.2.a.VIII.1.c']
B.Mat.0024,Elementare Wahrscheinlichkeitsrechnung und statistische Datenanalyse,6,2.0,,,keine,"B.Mat.0011, B.Mat.0012",jedes Sommersemester,1.0,2 - 6,Klausur,B.Mat.0024.Ue: Erreichen von mindestens 50% der Übungspunkte sowie engagierte,• Dozent*in: Lehrpersonen des Instituts für Mathematische Stochastik,"['I.2.a.VIII.1.a', 'I.2.a.VIII.1.c', 'I.2.a.IX.2.b']"
B.Mat.0721,Mathematisch orientiertes Programmieren,6,3.0,42.0,138.0,keine,"B.Mat.0011, B.Mat.0012",jedes Semester,1.0,,Klausur,,Dozent*in: Lehrpersonen des Instituts für Numerische und Angewandte Mathematik,['I.2.b.bb']
B.Mat.0733,Practical course in scientific computing: Extensions,3,2.0,28.0,62.0,,,each semester,1.0,Bachelor: 4 - 6; Master: 1 - 4,Portfolio as a versioned programming project,,• Instructor: Lecturers at the Institute of Numerical and Applied Mathematics,['I.2.a.VIII.1.b']
B.Mat.0736,Practical course in scientific computing: Advanced extensions,6,2.0,28.0,152.0,none,"B.Mat.0732, B.Mat.1013",each semester,1.0,Bachelor: 4 - 6; Master: 1 - 4,Portfolio as a versioned programming project,Oral presentation (approx. 45 minutes),• Instructor: Lecturers at the Institute of Numerical and Applied Mathematics,['I.2.a.VIII.1.b']
B.Mat.0739,Practical course in scientific computing in the context of a research project or a business project,9,2.0,,,none,"B.Mat.0732, B.Mat.1013",each semester,1.0,Bachelor: 4 - 6; Master: 1 - 4,Portfolio as a versioned programming project,Oral presentation (approx. 45 minutes),• Instructor: Lecturers at the Institute of Numerical and Applied Mathematics,['I.2.a.VIII.1.b']
B.Mat.0831,Mathematik für Studierende der Physik I,12,2.0,140.0,220.0,keine,keine,jedes Wintersemester,1.0,1 - 3,Klausur,,• Dozent*in: Lehrpersonen des Mathematischen Instituts,['I.1.b.ii.iii']
B.Mat.0832,Mathematik für Studierende der Physik II,12,8.0,112.0,248.0,keine,B.Mat.0831: Mathematik für Studierende der Physik I,jedes Sommersemester,1.0,2 - 4,Klausur,B.Mat.0832.Ue; Erreichen von mindestens 50% der Übungspunkte und zweimaliges,• Dozent*in: Lehrpersonen des Mathematischen Instituts,['I.1.b.ii.iii']
B.Mat.0841,Mathematik für Informationswissenschaften I,9,2.0,84.0,186.0,keine,keine,jedes Wintersemester,1.0,1 - 3,Klausur,B.Mat.0841.Ue: Erreichen von mindestens 50% der Übungspunkte und zweimaliges,• Dozent/in: Lehrpersonen der Lehreinheit Mathematik,['I.1.b.aa.i']
B.Mat.0842,Mathematik für Informationswissenschaften II,9,6.0,84.0,186.0,keine,B.Mat.0841,jedes Sommersemester,1.0,1 - 3,Klausur,B.mat.0842.Ue: Erreichen von mindestens 50% der Übungspunkte und zweimaliges,• Dozent/in: Lehrpersonen der Lehreinheit Mathematik,['I.1.b.aa.i']
B.Mat.0843,Diskrete Stochastik für Informationswissenschaften,9,6.0,84.0,186.0,keine,"B.Mat.0841, B.Mat.0842",jedes Wintersemester,1.0,1 - 3,Klausur,B.Mat.0804.Ue: Erreichen von mindestens 50% der Übungspunkte und zweimaliges,• Dozent*in: Lehrpersonen des Instituts für Mathematische Stochastik,['I.1.b.bb']
B.Mat.0922,Mathematics information services and electronic publishing,3,2.0,28.0,62.0,none,none,each summer semester,1.0,Bachelor: 1 - 6; Master: 1 - 4; Promotion: 1 - 6,Written examination,Regular participation in the course,,['I.2.b.bb']
B.Mat.1011,Funktionentheorie,6,4.0,56.0,124.0,keine,"B.Mat.0021, B.Mat.0022",jedes Wintersemester,1.0,3 - 5,Portfolio,B.Mat.1011.Ue: Erreichen von mindestens 50% der Übungspunkte sowie engagierte,Dozent*in: Lehrpersonen des Mathematischen Instituts,"['I.2.a.VIII.1.c', 'I.2.a.IX.2.b']"
B.Mat.1012,Algebra I,6,4.0,56.0,124.0,keine,"B.Mat.0021, B.Mat.0022",jedes Wintersemester,1.0,3 - 5,Klausur,B.Mat.1012.Ue: Erreichen von mindestens 50% der Übungspunkte sowie engagierte,Dozent*n: Lehrpersonen des Mathematischen Instituts,['I.2.a.VIII.1.c']
B.Mat.1013,Numerik und Optimierung I,6,4.0,56.0,124.0,keine,"B.Mat.0021, B.Mat.0022, B.Mat.0721",jedes Wintersemester,1.0,3 - 5,Portfolio,B.Mat.1013.Ue: Erreichen von mindestens 50% der Übungspunkte sowie engagierte,• Dozent*in: Lehrpersonen des Instituts für Numerische und Angewandte Mathematik,"['I.2.a.VIII.1.a', 'I.2.a.VIII.1.c', 'I.2.a.IX.2.b']"
B.Mat.1014,Maß- und Wahrscheinlichkeitstheorie,6,1.0,56.0,124.0,keine,"B.Mat.0021, B.Mat.0022, B.Mat.0024",jedes Wintersemester,1.0,3 - 5,Klausur,B.Mat.1014.Ue: Erreichen von mindestens 50% der Übungspunkte sowie engagierte,Dozent*in: Lehrpersonen des Instituts für Mathematische Stochastik,"['I.1.b.bb', 'I.2.a.VIII.1.c']"
B.Mat.1021,Funktionalanalysis,6,4.0,56.0,124.0,,,jedes Sommersemester,1.0,4 - 6,Klausur,B.Mat.1021.Ue: Erreichen von mindestens 50% der Übungspunkte sowie engagierte,Dozent*in: Lehrpersonen des Mathematischen Instituts,"['I.2.a.VIII.1.c', 'I.2.a.IX.2.b']"
B.Mat.1022,Algebra II,6,4.0,56.0,124.0,keine,B.Mat.1012,,,4 - 6,Portfolio,B.Mat.1022.Ue: Erreichen von mindestens 50% der Übungspunkte sowie engagierte,Dozent*in: Lehrpersonen des Mathematischen Instituts,['I.2.a.VIII.1.c']
B.Mat.1023,Numerik und Optimierung II,6,4.0,56.0,124.0,keine,B.Mat.1013,jedes Sommersemester,1.0,4 - 6,Klausur,B.Mat.1023.Ue: Erreichen von mindestens 50% der Übungspunkte sowie engagierte,• Dozent*in: Lehrpersonen des Instituts für Numerische und Angewandte Mathematik,"['I.2.a.VIII.1.c', 'I.2.a.VIII.1.c', 'I.2.a.IX.2.b']"
B.Mat.1024,Stochastik,6,4.0,56.0,124.0,,,jedes Sommersemester,1.0,4 - 6,Portfolio,B.Mat.1024.Ue: Erreichen von mindestens 50% der Übungspunkte sowie engagierte,Dozent*in: Lehrpersonen des Instituts für Mathematische Stochastik,"['I.2.a.VIII.1.c', 'I.2.a.IX.2.b']"
B.Mat.2210,Zahlentheorie,9,6.0,84.0,186.0,keine,"B.Mat.0021, B.Mat.0022",jedes Sommersemester,1.0,4 - 6,Klausur,B.Mat.2210.Ue: Erreichen von mindestens 50% der Übungspunkte sowie engagierte,Dozent*in: Lehrpersonen des Mathematischen Instituts,['I.2.a.VIII.1.c']
B.Mat.2220,Diskrete Mathematik,9,6.0,84.0,186.0,keine,"B.Mat.0011, B.Mat.0012",jedes Sommersemester,1.0,2 - 6,Klausur,B.Mat.2220.Ue: Erreichen von mindestens 50% der Übungspunkte sowie engagierte,Dozent*in: Lehrpersonen des Mathematischen Instituts,['I.2.a.VIII.1.c']
B.Mat.3010,Analysis on manifolds,9,6.0,84.0,186.0,none,"B.Mat.0021, B.Mat.0022",each summer semester,1.0,Bachelor: 5 - 6; Master: 1 - 4,Written examination,B.Mat.3010.Ue: Achievement of at least 50% of the exercise points as well as committed,Instructor: Lecturers at the Mathematical Institute,['I.2.a.VIII.1.c']
B.Mat.3011,Functional analysis and spectral theory,6,4.0,56.0,124.0,none,"B.Mat.0021, B.Mat.0022, B.Mat.1021",,,Bachelor: 5 - 6; Master: 1 - 4,Written examination,B.Mat.3011.Ue: Achievement of at least 50% of the exercise points as well as committed,Instructor: Lecturers at the Mathematical Institute,['I.2.a.VIII.1.c']
B.Mat.3012,Introduction to topology,6,4.0,56.0,124.0,none,"B.Mat.0021, B.Mat.0022, B.Mat.1021",each winter semester,1.0,Bachelor: 5 - 6; Master: 1 - 4,Written examination,B.Mat.3012.Ue: Achievement of at least 50% of the exercise points as well as committed,Instructor: Lecturers at the Mathematical Institute,['I.2.a.VIII.1.c']
B.Mat.3030,Numerical linear algebra for data science,9,6.0,84.0,186.0,none,B.Mat.1023,,,Bachelor: 5 - 6; Master: 1 - 4,Written examination,B.Mat.3030.Ue: Achievement of at least 50% of the exercise points as well as committed,Instructor: Lecturers at the Institute of Numerical and Applied Mathematics,"['I.2.a.VIII.1.c', 'I.2.a.IX.2.b']"
B.Mat.3031,Wissenschaftliches Rechnen,6,4.0,56.0,124.0,keine,B.Mat.1023,keine Angabe,1.0,,Mündlich,B.Mat.3031.Ue: Teilnahme an Übungen/Praktikum und mündlicher Vortrag,Dozent*in: Lehrpersonen des Instituts für Numerische und Angewandte Mathematik,['I.2.a.VIII.1.c']
B.Mat.3032,Numerics of ordinary differential equations,6,4.0,56.0,124.0,none,B.Mat.1023,every 4th semester,1.0,Bachelor: 5 - 6; Master: 1 - 4,Written examination,"B.Mat.3032.Ue: Achievement of at least 50% of the exercise points and presentation,",Instructor: Lecturers at the Institute of Numerical and Applied Mathematics,['I.2.a.VIII.1.c']
B.Mat.3033,Numerical and applied mathematics,6,4.0,56.0,124.0,none,B.Mat.1023,every 4th semester,1.0,Bachelor: 6; Master: 1 - 4,Written examination,"B.Mat.3033.Ue: Achievement of at least 50% of the exercise points and presentation,",Instructor: Lecturers at the Institute of Numerical and Applied Mathematics,['I.2.a.VIII.1.c']
B.Mat.3040,Statistical theory of deep learning,6,4.0,56.0,124.0,none,B.Mat.1024,not specified,1.0,Bachelor: 4 - 6; Master: 1 - 4,Oral examination,,Instructor: Lecturers at the Institute of Mathematical Stochastics,['I.2.a.IX.2.b']
B.Mat.3131,Introduction to inverse problems,9,2.0,84.0,186.0,none,B.Mat.1300,not specified,1.0,Bachelor: 5 - 6; Master: 1 - 4,written examination,"B.Mat.3131.Ue: Achievement of at least 50% of the exercise points and presentation,",Instructor: Lecturers at the Institute of Numerical and Applied Mathematics,['I.2.a.VIII.1.c']
B.Mat.3132,Introduction to approximation methods,9,2.0,84.0,186.0,none,B.Mat.1300,not specified,1.0,Bachelor: 5 - 6; Master: 1 - 4,Written or oral examwritten examination,"B.Mat.3132.Ue: Achievement of at least 50% of the exercise points and presentation,",Instructor: Lecturers at the Institute of Numerical and Applied Mathematics,['I.2.a.VIII.1.c']
B.Mat.3133,Introduction to numerics of partial differential equations,9,4.0,,,none,B.Mat.1300,not specified,1.0,Bachelor: 5 - 6; Master: 1 - 4,Written or oral examwritten examination,"B.Mat.3133.Ue: Achievement of at least 50% of the exercise points and presentation,",Instructor: Lecturers at the Institute of Numerical and Applied Mathematics,['I.2.a.VIII.1.c']
B.Mat.3134,Introduction to optimisation,9,4.0,84.0,186.0,none,B.Mat.1300,not specified,1.0,Bachelor: 5 - 6; Master: 1 - 4,Written or oral examwritten examination,"B.Mat.3134.Ue: Achievement of at least 50% of the exercise points and presentation,",Instructor: Lecturers at the Institute of Numerical and Applied Mathematics,['I.2.a.VIII.1.c']
B.Mat.3137,Introduction to variational analysis,9,4.0,,,none,B.Mat.1300,not specified,1.0,Bachelor: 5 - 6; Master: 1 - 4,Written or oral examwritten examination,"B.Mat.3137.Ue: Achievement of at least 50% of the exercise points and presentation,",Instructor: Lecturers at the Institute of Numerical and Applied Mathematics,['I.2.a.VIII.1.c']
B.Mat.3139,Introduction to scientific computing / applied mathematics,9,6.0,84.0,186.0,none,B.Mat.1300,not specified,1.0,Bachelor: 5 - 6; Master: 1 - 4,written examination,"B.Mat.3139.Ue: Achievement of at least 50% of the exercise points and presentation,",Instructor: Lecturers at the Institute of Numerical and Applied Mathematics,['I.2.a.VIII.1.c']
B.Mat.3230,"Proseminar ""Numerische und Angewandte Mathematik""",3,2.0,28.0,62.0,keine,B.Mat.1300,unregelmäßig,1.0,4 - 6,Präsentation,Teilnahme am Proseminar,,"['I.2.a.VIII.1.c', 'I.2.a.VIII.1.c']"
B.Mat.3239,"Proseminar im Zyklus ""Wissenschaftliches Rechnen / Angewandte Mathematik""",3,2.0,28.0,62.0,keine,B.Mat.1300,unregelmäßig,1.0,4 - 6,Präsentation,Teilnahme am Proseminar,,['I.2.a.VIII.1.c']
B.Mat.3331,Advances in inverse problems,9,2.0,84.0,186.0,none,B.Mat.3131,Usually subsequent to the module B.Mat.3131,1.0,Bachelor: 6; Master: 1 - 4,Oral examination,,Instructor: Lecturers at the Institute of Numerical and Applied Mathematics,['I.2.a.VIII.1.c']
B.Mat.3332,Advances in approximation methods,9,2.0,84.0,186.0,none,B.Mat.3132,Usually subsequent to the module B.Mat.3132,1.0,Bachelor: 6; Master: 1 - 4,Oral examination,,Instructor: Lecturers at the Institute of Numerical and Applied Mathematics,['I.2.a.VIII.1.c']
B.Mat.3333,Advances in numerics of partial differential equations,9,4.0,,,none,B.Mat.3133,Usually subsequent to the module B.Mat.3133,1.0,Bachelor: 6; Master: 1 - 4,Oral examination,"B.Mat.3333.Ue: Achievement of at least 50% of the exercise points and presentation,",Instructor: Lecturers at the Institute of Numerical and Applied Mathematics,['I.2.a.VIII.1.c']
B.Mat.3334,Advances in optimisation,9,4.0,84.0,186.0,none,B.Mat.3134,Usually subsequent to the module B.Mat.3134,1.0,Bachelor: 6; Master: 1 - 4,Oral examination,"B.Mat.3334.Ue: Achievement of at least 50% of the exercise points and presentation,",Instructor: Lecturers at the Institute of Numerical and Applied Mathematics,['I.2.a.VIII.1.c']
B.Mat.3337,Advances in variational analysis,9,4.0,,,none,B.Mat.3137,Usually subsequent to the module B.Mat.3137,1.0,Bachelor: 6; Master: 1 - 4,Oral examination,"B.Mat.3337.Ue: Achievement of at least 50% of the exercise points and presentation,",Instructor: Lecturers at the Institute of Numerical and Applied Mathematics,['I.2.a.VIII.1.c']
B.Mat.3338,Advances in image and geometry processing,9,4.0,,,none,B.Mat.3138,Usually subsequent to the module B.Mat.3138,1.0,Bachelor: 6; Master: 1 - 4,Oral examination,"B.Mat.3338.Ue: Achievement of at least 50% of the exercise points and presentation,",Instructor: Lecturers at the Institute of Numerical and Applied Mathematics,['I.2.a.VIII.1.c']
B.Mat.3339,Advances in scientific computing / applied mathematics,9,6.0,84.0,186.0,none,B.Mat.3139,Usually subsequent to the module B.Mat.3139,1.0,Bachelor: 6; Master: 1 - 4,Oral examination,"B.Mat.3339.Ue: Achievement of at least 50% of the exercise points and presentation,",Instructor: Lecturers at the Institute of Numerical and Applied Mathematics,['I.2.a.VIII.1.c']
B.Mat.3431,Seminar on inverse problems,3,2.0,28.0,62.0,none,B.Mat.3131,not specified,1.0,5 - 6,Oral Presentation,,Instructor: Lecturers at the Institute of Numerical and Applied Mathematics,['I.2.a.VIII.1.c']
B.Mat.3432,Seminar on approximation methods,3,2.0,28.0,62.0,none,B.Mat.3132,not specified,1.0,5 - 6,Oral Presentation,,Instructor: Lecturers at the Institute of Numerical and Applied Mathematics,['I.2.a.VIII.1.c']
B.Mat.3433,Seminar on numerics of partial differential equations,3,2.0,28.0,62.0,none,B.Mat.3133,not specified,1.0,5 - 6,Oral Presentation,Participation in the seminar,Instructor: Lecturers at the Institute of Numerical and Applied Mathematics,['I.2.a.VIII.1.c']
B.Mat.3434,Seminar on optimisation,3,2.0,28.0,62.0,none,B.Mat.3134,not specified,1.0,5 - 6,Oral Presentation,Participation in the seminar,Instructor: Lecturers at the Institute of Numerical and Applied Mathematics,['I.2.a.VIII.1.c']
B.Mat.3437,Seminar on variational analysis,3,2.0,,,none,B.Mat.3137,not specified,1.0,5 - 6,Oral Presentation,Participation in the seminar,Instructor: Lecturers at the Institute of Numerical and Applied Mathematics,['I.2.a.VIII.1.c']
B.Mat.3438,Seminar on image and geometry processing,3,2.0,28.0,62.0,none,B.Mat.3138,not specified,1.0,5 - 6,Oral Presentation,Participation in the seminar,Instructor: Lecturers at the Institute of Numerical and Applied Mathematics,['I.2.a.VIII.1.c']
B.Mat.3439,Seminar on scientific computing / applied mathematics,3,2.0,28.0,62.0,none,B.Mat.3139,not specified,1.0,5 - 6,Oral Presentation,Participation in the seminar,Instructor: Lecturers at the Institute of Numerical and Applied Mathematics,['I.2.a.VIII.1.c']
B.Phy-NF.7006,Experimentalphysik III - Wellen und Optik für Studierende der Mathematik,6,6.0,84.0,96.0,keine,Experimentalphysik II,jedes Wintersemester,1.0,3,Klausur,Mindestens 50% der Hausaufgaben in den Übungen müssen bestanden worden sein.,,['I.2.a.X.3.c']
B.Phy-NF.7007,Experimentalphysik IV - Atom- und Quantenphysik für Studierende der Mathematik,6,6.0,84.0,96.0,keine,keine,jedes Sommersemester,1.0,4,Klausur,Mindestens 50% der Hausaufgaben in den Übungen müssen bestanden worden sein.,,['I.2.a.X.3.c']
B.Phy.1101,Experimentalphysik I - Mechanik (mit Praktikum),9,9.0,126.0,144.0,keine,keine,jedes Wintersemester,1.0,1,Klausur,Mindestens 50% der Hausaufgaben in den Übungen müssen bestanden worden sein,,"['I.2.a.VIII.1.c', 'I.2.a.X.3.a']"
B.Phy.1102,Experimentalphysik II - Elektromagnetismus (mit Praktikum),9,9.0,126.0,144.0,keine,Experimentalphysik I,jedes Sommersemester,1.0,2,Klausur,Mindestens 50% der Hausaufgaben in den Übungen müssen bestanden worden sein.,,"['I.2.a.VIII.1.c', 'I.2.a.X.3.a']"
B.Phy.1103,Experimentalphysik III - Wellen und Optik (mit Praktikum),9,9.0,126.0,144.0,keine,Experimentalphysik II,jedes Wintersemester,1.0,3,Klausur,Mindestens 50% der Hausaufgaben in den Übungen müssen bestanden worden sein.,,"['I.2.a.VIII.1.c', 'I.2.a.X.3.c']"
B.Phy.1104,Experimentalphysik IV - Atom- und Quantenphysik (mit Praktikum),9,9.0,126.0,144.0,keine,keine,jedes Sommersemester,1.0,4,Klausur,Mindestens 50% der Hausaufgaben in den Übungen müssen bestanden worden sein.,,"['I.2.a.VIII.1.c', 'I.2.a.X.3.c']"
B.Phy.1201,Analytische Mechanik,8,6.0,84.0,156.0,keine,keine,jedes Sommersemester,1.0,2,Klausur,Mindestens 50% der Hausaufgaben in den Übungen müssen bestanden worden sein.,,"['I.2.a.VIII.1.c', 'I.2.a.X.3.b']"
B.Phy.1202,Klassische Feldtheorie,8,6.0,84.0,156.0,keine,Analytische Mechanik,jedes Wintersemester,1.0,3,Klausur,Mindestens 50% der Hausaufgaben in den Übungen müssen bestanden worden sein.,,"['I.2.a.VIII.1.c', 'I.2.a.X.3.b']"
B.Phy.1203,Quantenmechanik I,8,6.0,84.0,156.0,keine,keine,jedes Sommersemester,1.0,4,Klausur,Mindestens 50% der Hausaufgaben in den Übungen müssen bestanden worden sein.,,"['I.2.a.VIII.1.c', 'I.2.a.X.3.b']"
B.Phy.1204,Statistische Physik,8,6.0,84.0,156.0,keine,keine,jedes Wintersemester,1.0,5,Klausur,Mindestens 50% der Hausaufgaben in den Übungen müssen bestanden worden sein.,,"['I.2.a.VIII.1.c', 'I.2.a.X.3.c']"
B.Phy.1301,Rechenmethoden der Physik,6,8.0,112.0,68.0,keine,keine,jedes Wintersemester,1.0,1,Bearbeitung von Übungszetteln,Keine,,['I.2.a.IX.2.b']
B.Phy.1511,Einführung in die Kern- und Teilchenphysik,8,6.0,84.0,156.0,keine,keine,jedes Wintersemester,1.0,5 - 6,Klausur,Mindestens 50% der Hausaufgaben in den Übungen müssen bestanden worden sein.,,"['I.2.a.VIII.1.c', 'I.2.a.X.3.c']"
B.Phy.1521,Einführung in die Festkörperphysik,8,6.0,84.0,156.0,keine,keine,jedes Wintersemester,1.0,5 - 6,Klausur,Mindestens 50% der Hausaufgaben in den Übungen müssen bestanden worden sein.,,"['I.2.a.VIII.1.c', 'I.2.a.X.3.c']"
B.Phy.1531,Introduction to Materials Physics,4,4.0,56.0,64.0,none,"• Experimentelle Methoden der Materialphysik,",each winter semester,1.0,Bachelor: 5 - 6; Master: 1,Written or oral examWritten exam,50% of the homework problems must be solved successfully.,,"['I.2.a.VIII.1.c', 'I.2.a.X.3.c']"
B.Phy.1541,Einführung in die Geophysik,4,3.0,42.0,78.0,keine,keine,jedes Sommersemester,1.0,Bachelor: 6; Master: 1 - 2,Klausur,Mindestens 50% der Hausaufgaben in den Übungen müssen bestanden worden sein.,,"['I.2.a.VIII.1.c', 'I.2.a.X.3.c']"
B.Phy.1551,Introduction to Astrophysics,8,6.0,84.0,156.0,none,none,each winter semester,1.0,Bachelor: 5 - 6; Master: 1,oral,At least 50% of the homework of the excercises have to be solved successfully.,,"['I.2.a.VIII.1.c', 'I.2.a.X.3.c']"
B.Phy.1561,Introduction to Physics of Complex Systems,6,6.0,84.0,96.0,none,Basic programming skills (for the exercises),each winter semester,1.0,Bachelor: 5 - 6; Master: 1 - 2,written examination,At least 50% of the homework of the excercises have to be solved successfully.,,"['I.2.a.VIII.1.c', 'I.2.a.X.3.c']"
B.Phy.1571,Introduction to Biophysics,6,6.0,84.0,96.0,none,none,each winter semester,1.0,Bachelor: 5 - 6; Master: 1 - 2,Written exam,At least 50% of the homework problems have to be solved successfully.,,"['I.2.a.VIII.1.c', 'I.2.a.X.3.c']"
B.Phy.1602,Computergestütztes wissenschaftliches Rechnen,6,6.0,84.0,96.0,keine,Kenntnisse der Programmiersprache C,jedes Sommersemester,1.0,4,Schriftlicher Bericht,4 erfolgreich bearbeitete Programmieraufgaben,,"['I.2.a.VIII.1.c', 'I.2.a.X.2.a']"
B.Phy.1604,Projektpraktikum,6,6.0,84.0,96.0,keine,keine,jedes Sommersemester,1.0,4,Präsentation,,,['I.2.a.X.3.c']
B.Phy.2101,Experimentalphysik I: Mechanik und Thermodynamik,6,6.0,84.0,96.0,keine,keine,jedes Wintersemester,1.0,1,Klausur,mindestens 50 % der in den Hausaufgaben zu erreichenden Punkte sowie Anwesenheit,,['I.2.a.X.3.a']
B.Phy.2102,Experimentalphysik II: Elektromagnetismus,6,6.0,84.0,96.0,keine,B.Phy.2101 und B.Phy.1301,jedes Sommersemester,1.0,2,Klausur,Mindestens 50 % der Hausaufgaben in den Übungen müssen bestanden worden sein.,,['I.2.a.X.3.a']
B.Phy.2201,Theorie I: Mechanik und Quantenmechanik,6,6.0,84.0,96.0,keine,"B.Phy.2101, B.Phy.1301",jedes Wintersemester,1.0,3,Klausur,Mindestens 50 % der Hausaufgaben in den Übungen müssen bestanden worden sein.,,['I.2.a.X.3.b']
B.Phy.2202,Theorie II: Elektrodynamik und Statistische Mechanik,6,6.0,84.0,96.0,keine,"B.Phy.2201, B.Phy.2102 und B.Phy.2103",jedes Sommersemester,1.0,4,Klausur,Mindestens 50 % der Hausaufgaben in den Übungen müssen bestanden worden sein.,,['I.2.a.X.3.b']
B.Phy.409,Einführung ins wissenschaftliche Arbeiten: Computational Physics,6,,0.0,180.0,keine,keine,jedes Semester,1.0,5 - 6,Schriftlicher Bericht,,,['I.2.a.X.2.a']
B.Phy.5605,Computational Neuroscience: Basics,3,2.0,28.0,62.0,none,none,each summer semester,1.0,Bachelor: 2 - 6; Master: 1 - 4,Written examination,,,['I.2.a.IX.1.a']
B.Phy.5614,Proseminar Computational Neuroscience,4,2.0,28.0,92.0,none,B.Phy.5605,each semester,1.0,Bachelor: 4 - 6; Master: 1 - 3,Talk,,,['I.2.a.IX.1.a']
B.Phy.5624,Introduction to Theoretical Neuroscience,4,2.0,28.0,92.0,none,none,each summer semester,1.0,Bachelor: 4 - 6; Master: 1 - 4,Lecture,Active Participation,,['I.2.a.IX.2.b']
B.Phy.5676,Computer Vision and Robotics,9,6.0,84.0,186.0,none,Programming in Python,each winter semester,1.0,,Written report,,"Ausschluss: Dieses Modul darf nicht belegt werden, wenn B.Phy.5667 oder B.Phy.5668 schon belegt",['I.2.a.IX.1.b']
B.Phy.5721,Information and Physics,6,6.0,84.0,96.0,none,"Analytical Mechanics, Quantum Mechanics and",every 4th semester,1.0,Bachelor: 6; Master: 1 - 4,Written examination,,,['I.2.a.X.3.c']
B.Phy.8001,Lecture Series in Physics for Data Scientists,8,6.0,84.0,156.0,none,none,each summer semester,1.0,1 - 4,Oral examination,At least 50% of the homework/exercises must be solved successfully,,['I.2.a.X.2.b']
B.Phy.8201,Angewandte Informatik in der Physik I,6,6.0,84.0,96.0,keine,keine,jedes 4. Semester,1.0,5 - 6,Klausur,,,['I.2.a.X.2.b']
B.Phy.8202,Angewandte Informatik in der Physik II,6,4.0,56.0,124.0,keine,keine,jährlich,1.0,5 - 6,Klausur,,,['I.2.a.X.2.b']
B.Phy.8203,Seminar zur Angewandten Informatik in der Physik,4,2.0,28.0,92.0,keine,keine,jährlich,1.0,5 - 6,Vortrag,aktive Teilnahme,,['I.2.a.X.2.b']
B.WIWI-BWL.0002,Interne Unternehmensrechnung,6,4.0,56.0,124.0,keine,B.WIWI-OPH.0005 Jahresabschluss,jedes Wintersemester,1.0,,Klausur,,,['I.2.a.VII.2.b']
B.WIWI-BWL.0003,Unternehmensführung und Organisation,6,2.0,56.0,124.0,keine,keine,jedes Sommersemester,1.0,3 - 4,Klausur,,,['I.2.a.VII.2.b']
B.WIWI-BWL.0004,Produktion und Logistik,6,4.0,56.0,124.0,keine,B.WIWI-OPH.0004 Mathematik,jedes Sommersemester,1.0,3 - 5,Klausur,,,['I.2.a.VII.2.a']
B.WIWI-BWL.0005,Marketing,6,4.0,56.0,124.0,keine,keine,jedes Semester; im SoSe als Aufzeichnung,1.0,3 - 4,Klausur,,,['I.2.a.VII.2.a']
B.WIWI-OPH.0001,Unternehmen und Märkte,6,4.0,56.0,124.0,keine,keine,jedes Semester,1.0,1,Klausur,Teilnahme am Planspiel in Gruppen,,['I.2.a.VII.2.a']
B.WIWI-OPH.0003,Grundlagen der Digitalisierung und Digitalen Transformation,6,2.0,56.0,124.0,keine,keine,jedes Semester,1.0,1 - 2,Klausur,,,['I.2.a.VII.1.b']
B.WIWI-OPH.0004,Finanzwirtschaft des Unternehmens,6,4.0,56.0,124.0,keine,keine,jedes Semester,1.0,1 - 2,Klausur,,,['I.2.a.VII.2.b']
B.WIWI-OPH.0005,Jahresabschluss,6,4.0,56.0,124.0,keine,keine,jedes Semester,1.0,1 - 2,Klausur,,,['I.2.a.VII.2.b']
B.WIWI-OPH.0009,Recht,8,6.0,84.0,156.0,keine,keine,jedes Semester,1.0,1 - 2,Klausur,,,['I.2.a.VI.2.a']
B.WIWI-QMW.0011,Data Science: Statistik,9,6.0,84.0,186.0,keine,Basiskenntnisse in Differential- und Integralrechnung,jedes Sommersemester,1.0,,Klausur,,,['I.2.a.XI.2.b']
B.WIWI-WIN.0001,Enterprise Architecture und Prozessmodellierung,6,2.0,56.0,124.0,keine,B.WIWI-OPH.0003 Grundlagen der Digitalisierung,jedes Wintersemester,1.0,3 - 5,Klausur,Erfolgreiche Bearbeitung von Übungsaufgaben. Im Verlauf des Semesters müssen,,['I.2.a.VII.1.a']
B.WIWI-WIN.0002,Management der Informationswirtschaft,6,6.0,84.0,96.0,keine,Orientierungsphase,jedes Semester,1.0,3,Klausur,,Angebotshäufigkeit,['I.2.a.VII.1.a']
B.WIWI-WIN.0004,Informationsverarbeitung in Dienstleistungsbetrieben,6,2.0,28.0,152.0,keine,B.WIWI-OPH.0003 Grundlagen der Digitalisierung,jedes Wintersemester,1.0,3 - 6,Klausur,Drei erfolgreich testierte Bearbeitungen von Fallstudien.,,['I.2.a.VII.1.b']
B.WIWI-WIN.0005,Projektseminar zur Systementwicklung - Entwicklung von Web-Applikationen,12,1.0,42.0,318.0,keine,B.WIWI-WIN.0001 Enterprise Architecture,jedes Wintersemester,1.0,3 - 6,Praktische Modulprüfung,Drei von drei erfolgreich bearbeitete Übungsaufgaben und bestandene Klausur (90,"Das Modul ""Projektseminar zur Systementwicklung – Entwicklung von Web-Applikationen"" besteht aus den",['I.2.a.VII.1.b']
B.WIWI-WIN.0007,SAP-Blockschulung,3,1.0,14.0,76.0,keine,B.WIWI-OPH.0003 Grundlagen der Digitalisierung,jedes Sommersemester,1.0,3 - 6,Klausur,,,['I.2.a.VII.1.b']
B.WIWI-WIN.0010,Informationsverarbeitung in Industriebetrieben,6,2.0,28.0,152.0,keine,B.WIWI-OPH.0003 Grundlagen der Digitalisierung,jedes Sommersemester,1.0,3 - 6,Klausur,,,['I.2.a.VII.1.b']
B.WIWI-WIN.0015,Geschäftsprozesse und Informationstechnologie,4,2.0,28.0,92.0,,,jedes Wintersemester,1.0,3 - 6,Klausur,,,['I.2.a.VII.1.b']
B.WIWI-WIN.0021,Modellierung betrieblicher Informationssysteme,4,2.0,28.0,92.0,keine,keine,jedes Sommersemester,1.0,3 - 6,Klausur,,,['I.2.a.VII.1.b']
B.WIWI-WIN.0022,Digital Business,4,2.0,28.0,92.0,keine,keine,,,3 - 6,Klausur,,,['I.2.a.VII.1.b']
B.WIWI-WIN.0023,Projektseminar zur Systementwicklung - Entwicklung von mobilen Anwendungen,12,1.0,42.0,318.0,keine,Modul B.WIWI-WIN.0001 Enterprise Architecture,jedes Sommersemester,1.0,3 - 6,Hausarbeit,Regelmäßige Teilnahme,"Das Modul ""Projektseminar zur Systementwicklung – Entwicklung von mobilen Anwendungen"" besteht aus",['I.2.a.VII.1.b']
B.WIWI-WIN.0027,Seminar zu Themen der Wirtschaftsinformatik und BWL,6,2.0,28.0,152.0,keine,B.WIWI-OPH.0003 Grundlagen der Digitalisierung,jedes Semester,1.0,3 - 5,Hausarbeit,Regelmäßige Teilnahme am Seminar sowie am Blockkurs „Einführung in das,Die Prüfungsleistung kann neben Deutsch auch auf Englisch erbracht werden.,['I.2.a.VII.1.a']
B.WIWI-WIN.0032,Electronic Commerce,6,2.0,28.0,152.0,none,none,each winter semester,1.0,3 - 5,Written examination,,,['I.2.a.VII.1.b']
B.WIWI-WIN.0035,"Gründe dein Digitales Startup – Planen, Pitchen, Realisieren",6,2.0,56.0,124.0,keine,keine spezifischen BWL oder IT-Kenntnisse,jedes Wintersemester,1.0,5 - 6,Präsentation,Regelmäßige Teilnahme,Teilnehmende brauchen für das erfolgreiche Bestehen der Veranstaltung keine spezifischen Vorkenntnisse,['I.2.a.VII.1.b']
,,3,2.0,28.0,62.0,none,Knowledge of basic statistics concepts,each semester,1.0,,Written examination,,"Dieses Modul kann nur von Studierenden des Bachelor-Studiengangs ""Angewandte Data Science"" oder",[]
M.FES.115,Statistical Data Analysis with R,6,4.0,56.0,124.0,none,none,each winter semester,1.0,,Presentation,,30 students are only possible if a corresponding number of computers is available,['I.2.a.IV.1.a']
M.Forst.221,Fernerkundung und GIS,6,4.0,56.0,124.0,keine,"Erforderlich sind Kenntnisse in der Kartografie, der",jedes Sommersemester,1.0,,Klausur,,"Sobald das Modul M.Forst.221 erfolgreich absolviert wurde, kann das Modul M.Forst.739 nicht mehr belegt",['I.2.a.IV.1.a']
S.RW.0112K,Grundkurs I im Bürgerlichen Recht,9,8.0,112.0,158.0,keine,keine,jedes Wintersemester,1.0,,Klausur,,,['I.2.a.VI.2.a']
S.RW.0113K,Grundkurs II im Bürgerlichen Recht,9,8.0,84.0,186.0,keine,Kenntnisse im Umfang des Stoffs der Vorlesung,jedes Sommersemester,1.0,,Klausur,,,['I.2.a.VI.2.b']
S.RW.0115K,Grundkurs III im Bürgerlichen Recht,4,2.0,28.0,92.0,keine,Kenntnisse im Umfang des Stoffs der Vorlesung,jedes Wintersemester,1.0,,Klausur,,,['I.2.a.VI.2.b']
S.RW.0211K,Staatsrecht I,7,6.0,56.0,154.0,keine,keine,jedes Wintersemester,1.0,,Klausur,,,['I.2.a.VI.2.b']
S.RW.0212K,Staatsrecht II,7,6.0,56.0,154.0,keine,keine,jedes Sommersemester,1.0,,Klausur,,,['I.2.a.VI.2.b']
S.RW.0311K,Strafrecht I,8,7.0,98.0,142.0,keine,keine,jedes Wintersemester,1.0,,Klausur,,,['I.2.a.VI.2.c']
S.RW.1132,Wettbewerbsrecht (UWG),6,2.0,28.0,152.0,keine,keine,jedes Sommersemester,1.0,,Mündlich,,,['I.2.a.VI.1.b']
S.RW.1136,Wirtschaftsrecht der Medien,6,2.0,28.0,152.0,keine,keine,jedes Wintersemester,1.0,,Mündlich,,,['I.2.a.VI.1.a']
S.RW.1137,Immaterialgüterrecht II (Gewerbliche Schutzrechte),6,2.0,28.0,152.0,keine,keine,jedes Sommersemester,1.0,ab 5,Mündlich,,,['I.2.a.VI.1.a']
S.RW.1139,Immaterialgüterrecht I (Urheberrecht),6,2.0,28.0,152.0,keine,"Kenntnisse des Bürgerlichen Rechts, insbesondere",jedes Wintersemester,1.0,,Mündlich,,,['I.2.a.VI.1.a']
S.RW.1140,Jugendmedienschutzrecht,6,2.0,28.0,152.0,keine,Grundlegende Kenntnisse im Staats- und,jedes Sommersemester,1.0,,Mündlich,,,['I.2.a.VI.1.a']
S.RW.1142,Kartellrecht,6,2.0,28.0,152.0,keine,Kenntnisse des Zivil- und Gesellschaftsrechts im,jedes Sommersemester,1.0,,Mündlich,,,['I.2.a.VI.1.b']
S.RW.1168,Introduction to European ICT and Media Law,6,2.0,28.0,152.0,keine,keine,jedes Sommersemester,1.0,,Mündlich,Mündlich (ca. 15 Min.) oder Klausur (90 Min.) oder Hausarbeit (mind. 10 Seiten) oder,,['I.2.a.VI.1.a']
S.RW.1172,Recht der Digitalisierung,6,2.0,28.0,152.0,keine,Grundkurs Bürgerliches Recht I bis III,jedes Sommersemester,1.0,,Mündlich,,,['I.2.a.VI.1.a']
S.RW.1223K,Verwaltungsrecht I,7,6.0,84.0,126.0,keine,keine,jedes Wintersemester,1.0,,Klausur,,,['I.2.a.VI.2.c']
S.RW.1231,Datenschutzrecht,6,2.0,28.0,152.0,keine,keine,jedes Semester,1.0,,Mündlich,,,['I.2.a.VI.1.a']
S.RW.1233,Telekommunikationsrecht,6,2.0,28.0,152.0,keine,Kenntnisse des Allgemeinen Verwaltungsrechts im,jedes Wintersemester,1.0,,Mündlich,,,['I.2.a.VI.1.a']
S.RW.1317,Kriminologie I,6,2.0,28.0,152.0,keine,keine,jedes Wintersemester,1.0,,Mündlich,,,['I.2.a.VI.2.c']
S.RW.1416K,Allgemeine Staatslehre,4,2.0,28.0,92.0,keine,keine,jedes Wintersemester,1.0,,Klausur,,,['I.2.a.VI.2.c']
S.RW.1418K,Einführung in die Rechts- und Sozialphilosophie,4,2.0,28.0,92.0,keine,keine,jedes Wintersemester,1.0,,Klausur,,,['I.2.a.VI.2.c']
S.RW.1432K,Rechtssoziologie,4,2.0,28.0,92.0,keine,keine,jedes Sommersemester,1.0,,Mündlich,,,['I.2.a.VI.2.c']
S.RW.4105,Legal Tech: mit digitaler Kompetenz zur Methodenkompetenz,6,2.0,28.0,152.0,keine,keine,jedes Semester,1.0,,Mündlich,,,['I.2.a.VI.1.b']
SK.Bio-NF.7001,Neurobiology,3,2.0,30.0,60.0,none,Basic knowledge in Biology,each summer semester,1.0,4 - 6,Written examination,,,"['I.2.a.II.2.b', 'I.2.a.IX.2.a']"
SK.Bio.305,Grundlagen der Biostatistik mit R,3,2.0,30.0,60.0,keine,Mathematische und statistische Grundkenntnisse,jedes Wintersemester,1.0,5 - 6,Klausur,regelmäßige Kursteilnahme und Abgabe der Lösungen zu den Übungszetteln,,['I.2.a.II.1.c']
SK.Bio.355,Biologische Psychologie I,3,2.0,28.0,62.0,Für 2-F-BA: mindestens 20 C aus den,Grundkenntnisse in Biologie,jedes Wintersemester,1.0,3 - 5,Klausur,,,"['I.2.a.II.2.b', 'I.2.a.IX.2.b']"
SK.Bio.356,Biologische Psychologie II,3,2.0,28.0,62.0,Für 2-F-BA: mindestens 20 C aus den,SK.Bio.355,jedes Wintersemester,1.0,3 - 5,Klausur,,Das Modul kann nicht in Kombination mit B.Bio.130 belegt werden.,"['I.2.a.II.2.b', 'I.2.a.IX.2.a']"
SK.Bio.357,Biologische Psychologie III,3,2.0,28.0,62.0,keine,"SK.Bio.355, SK.Bio.356",jedes Wintersemester,1.0,3 - 5,Klausur,,,"['I.2.a.II.2.b', 'I.2.a.IX.2.b']"
SK.Inf.1801,Funktionale Programmierung,5,3.0,42.0,108.0,keine,B.Inf.1101,jedes Sommersemester,1.0,ab 5,Klausur,,,['I.2.b.bb']
SK.Inf.1803,Computer Science for Environmental Sustainability,5,2.0,28.0,122.0,none,Basic understanding of environmental issues and,each semester,1.0,from until,Presentation,,,['I.2.b.bb']
SK.Inf.1804,KI Methoden im akademischen Alltag,5,3.0,42.0,108.0,keine,keine,jedes Semester,1.0,,Hausarbeit,Regelmäßige Teilnahme (80%) an den Sitzungen.,,['I.2.b.bb']
SK.Inf.1805,Dezentrale studentische Selbstverwaltung/ Gremienarbeit,3,,,,keine,keine,jedes Semester,,,,Aktive Mitwirkung in der dezentralen studentischen Selbstverwaltung bzw. in Gremien,,['I.2.b.bb']
SK.Inf.1806,Introduction into Web Development,6,4.0,56.0,124.0,keine,"Programmierung (gut), Projektarbeit (grundlegend),",unregelmäßig,1.0,3 - 5,Projektarbeit,,,['I.2.b.bb']
SK.Inf.1807,Projektarbeit - Erweiterung,3,5.0,7.0,83.0,keine,keine,jedes Semester,1.0,ab bis,,siehe erweitertes Modul,,['I.2.b.bb']
SK.Inf.1821,Data Carpentry Ecology/Social Sciences,3,2.0,28.0,62.0,none,none,not specified,1.0,from 5,Assignment and short presentation of results,"Attendance to seminar meetings is highly recommended, expected are contributions to",• Students need to provide their own mobile computer (software must be installed before the block,['I.2.b.bb']
